Property1,Feature1,Feature2,Feature3,Feature4,Feature5,Feature6,Feature7,Feature8,Feature9,Feature10,Feature11,Feature12,Feature13,Feature14,Feature15,Feature16,Feature17,Feature18,Feature19,Feature20
176.9,0.235294118,0.235294118,0.235294118,-6.256055363,2353.733529,367.6470588,4.882352941,1335.194044,0.985251612,-0.052304021,0.06103328,2353.733529,0.110726644,2896,4.277378414,0.140971107,162.9411765,-14.67870932,10,0.799787123
238.3,0.222222222,0.222222222,0.222222222,-8.987654321,2274.83,352.2222222,4.777777778,1230.745928,0.498501194,-0.05069582,0.062642543,2274.83,0.098765432,2896,4.606091202,0.138365479,154.4444444,-15.03975495,10,0.018059036
191,0.210526316,0.210526316,0.210526316,-11.12465374,2204.232105,338.4210526,4.684210526,1151.320614,0.514770832,-0.049256903,0.064082409,2204.232105,0.088642659,2896,4.803817249,0.135868916,146.8421053,-15.04253261,10,0.871256535
82.5,0.181818182,0.181818182,0.181818182,-15.14049587,2030.946364,304.5454545,4.454545455,988.318997,0.876475779,-0.045725016,0.067616626,2030.946364,0.066115702,2896,5.000597279,0.12900478,128.1818182,-15.37492579,10,0.117927943
214.9,0.2,0.2,0.2,-12.8,2140.694,326,4.6,1087.602389,0.077841561,-0.047961878,0.065378288,2140.694,0.08,2896,4.919459822,0.133479189,140,-15.41438054,10,0.36965743
163.4,0.25,0.25,0.25,-2.75,2442.5,385,5,1484.387393,0.002792909,-0.054113247,0.059222861,2442.5,0.125,2896,3.648520252,0.14368556,172.5,-15.13205187,50,0.100060594
151.2,0.235294118,0.235294118,0,-4.816608997,2446.439412,398.2352941,7.941176471,1240.557152,0.997475969,-0.039026178,0.074308083,2446.439412,0.110726644,3290,3.743794233,0.031959338,118.2352941,-14.95675268,10,0.76104239
119.6,0.222222222,0.222222222,0,-8.395061728,2362.385556,381.1111111,7.666666667,1157.931414,0.236482421,-0.038155635,0.075179856,2362.385556,0.098765432,3290,4.118458637,0.031557758,112.2222222,-15.29800523,10,0.747592137
125.6,0.2,0.2,0,-13.44,2219.494,352,7.2,1061.889489,0.064699839,-0.036675711,0.076661871,2219.494,0.08,3290,4.512493571,0.030720098,102,-15.11878388,10,0.47917457
119.1,0.25,0.25,0,-0.25,2541,417.5,8.25,1378.874927,0.737700704,-0.040005539,0.073327338,2541,0.125,3290,3.075184465,0.032333549,125,-15.49658116,50,0.008527987
203.1,0.235294118,0,0,-3.930795848,2433.498235,374.7058824,7.705882353,1514.720017,0.163681376,0.0118563,0,2433.498235,0.221453287,3290,3.592803869,0.067491126,162.9411765,-14.65034438,10,0.423099247
42.6,0.235294118,0,0,-3.930795848,2433.498235,374.7058824,7.705882353,1514.720017,0.567563642,0.0118563,0,2433.498235,0.221453287,3290,3.592803869,0.067491126,162.9411765,-15.55537263,10,0.537107254
309.7,0.222222222,0,0.111111111,-10.51851852,2306.385556,344.4444444,6,1329.064215,0.678412282,0.003629946,0,2306.385556,0.197530864,3290,4.524992804,0.145149276,175.5555556,-15.50781524,10,0.395643123
76.3,0.222222222,0,0.111111111,-10.51851852,2306.385556,344.4444444,6,1329.064215,0.956534631,0.003629946,0,2306.385556,0.197530864,3290,4.524992804,0.145149276,175.5555556,-15.23077721,10,0.752118906
307.4,0.2,0,0.1,-16.84,2169.094,319,5.7,1187.974036,0.021664164,0.000931311,0,2169.094,0.16,3290,5.017130868,0.137556471,159,-15.24942617,10,0.82328189
104.2,0.2,0,0.1,-16.84,2169.094,319,5.7,1187.974036,0.046647385,0.000931311,0,2169.094,0.16,3290,5.017130868,0.137556471,159,-15.16373685,10,0.063683865
129.1,0.222222222,0,0.111111111,-16.69135802,2173.66,323.3333333,5.888888889,790.0115809,0.18622009,-0.010403118,0,2173.66,0.098765432,3290,5.01619902,0.131433294,150,-15.22098783,10,0.032765774
195.3,0.25,0,0,-18.5625,2083.3675,285,5.875,808.2987341,0.101212437,-0.001730104,0,2083.3675,0.125,3290,4.745123223,0.05743444,135,-14.70525771,10,0.179233238
77.3,0.25,0,0,-18.5625,2083.3675,285,5.875,808.2987341,0.02754397,-0.001730104,0,2083.3675,0.125,3290,4.745123223,0.05743444,135,-15.1666422,10,0.302980538
110.3,0.238095238,0.238095238,0.238095238,-5.66893424,2499.212857,470.952381,8.238095238,1507.436473,0.415348621,-0.052648635,0.060688439,2499.212857,0.056689342,3290,3.888228096,0.152621554,155.2380952,-14.84951624,10,0.476413252
110.9,0.217391304,0.217391304,0.217391304,-10.01890359,2363.061304,437.826087,7.782608696,1325.168361,0.07851962,-0.050101485,0.06323727,2363.061304,0.047258979,3290,4.33600565,0.147340789,142.6086957,-14.65971793,10,0.061248888
127.4,0.25,0.25,0.25,-2.75,2577.5,490,8.5,1645.855048,0.003247276,-0.054113247,0.059222861,2577.5,0.0625,3290,3.401402418,0.155466769,162.5,-15.16881927,50,0.354324749
124.4,0.188679245,0,0,-3.987184051,2433.026604,367.3584906,9.603773585,1507.754874,0.704951642,0.026044763,0,2433.026604,0.14239943,3290,4.06354141,0.082294365,149.6226415,-15.44333572,10,0.666328324
139.4,0.181818182,0,0,-7.669421488,2378.497273,357.2727273,9.363636364,1442.851481,0.741371085,0.024248357,0,2378.497273,0.132231405,3290,4.434690441,0.082648043,144.5454545,-14.88633541,10,0.167758724
155.6,0.173913043,0,0,-11.55387524,2315.67,345.6521739,9.086956522,1385.413479,0.794627764,0.022178585,0,2315.67,0.120982987,3290,4.786328956,0.082849093,138.6956522,-15.10405312,10,0.027530222
168,0.166666667,0,0,-14.77777778,2258.078333,335,8.833333333,1344.062896,0.173669577,0.020281294,0,2258.078333,0.111111111,3290,5.048052555,0.082844929,133.3333333,-15.04451378,10,0.771663475
108.4,0.2,0,0,2.72,2523,384,10,1664.585912,0.139223115,0.029008833,0,2523,0.16,3290,3.219960136,0.081330099,158,-15.57846865,80,0.840695106
255,0.28,0.04,0,-4.864,2316.4882,336.2,6.58,1533.002485,0.243771957,0.012422643,0.125622509,2316.4882,0.208,3290,3.721273344,0.071120436,171.8,-14.93679439,10,0.546801385
21.5,0.28,0.04,0,-4.864,2316.4882,336.2,6.58,1533.002485,0.417816358,0.012422643,0.125622509,2316.4882,0.208,3290,3.721273344,0.071120436,171.8,-14.85234748,10,0.922268296
88,0.28,0.04,0,-4.864,2316.4882,336.2,6.58,1533.002485,0.82175012,0.012422643,0.125622509,2316.4882,0.208,3290,3.721273344,0.071120436,171.8,-14.78335547,10,0.707329905
242.9,0.28,0,0,-4.4096,2360.7682,351.4,7.14,1575.666786,0.489648495,0.016020761,0,2360.7682,0.208,3290,3.533143233,0.069084424,173,-14.94908788,10,0.82388059
29.2,0.28,0,0,-4.4096,2360.7682,351.4,7.14,1575.666786,0.668943608,0.016020761,0,2360.7682,0.208,3290,3.533143233,0.069084424,173,-15.04235402,10,0.852075631
44.7,0.28,0,0,-4.4096,2360.7682,351.4,7.14,1575.666786,0.800679965,0.016020761,0,2360.7682,0.208,3290,3.533143233,0.069084424,173,-15.56476528,10,0.425791094
202.5,0.2,0,0,-6.3296,2397.1976,363.2,8.8,1420.935298,0.080576365,0.020035057,0,2397.1976,0.16,3290,4.26239562,0.078332775,150.8,-15.08265794,10,0.617407577
32.8,0.2,0,0,-6.3296,2397.1976,363.2,8.8,1420.935298,0.088727985,0.020035057,0,2397.1976,0.16,3290,4.26239562,0.078332775,150.8,-14.89575216,10,0.183229039
87.6,0.2,0,0,-6.3296,2397.1976,363.2,8.8,1420.935298,0.593845238,0.020035057,0,2397.1976,0.16,3290,4.26239562,0.078332775,150.8,-15.5826,10,0.929214406
269.2,0.319148936,0.042553191,0,-9.470348574,2199.539362,299.1489362,5.744680851,1180.033536,0.1933889,0.007141809,0.120365416,2199.539362,0.181077411,3290,4.073472841,0.067842233,168.0851064,-15.48423016,10,0.107219478
29.1,0.3,0.04,0,-8.6176,2264.967,326.8,6.54,1143.666674,0.214883976,0.005311917,0.118543491,2264.967,0.16,3290,4.131196346,0.06585749,162.8,-15.01774207,10,0.540033209
105.3,0.3,0.04,0,-8.6176,2264.967,326.8,6.54,1143.666674,0.345596332,0.005311917,0.118543491,2264.967,0.16,3290,4.131196346,0.06585749,162.8,-14.63331461,10,0.640715766
279.8,0.2,0,0.1,-16.84,2169.094,319,5.7,1187.974036,0.080238243,0.000931311,0,2169.094,0.16,3290,5.017130868,0.137556471,159,-15.214454,10,0.997352016
104.2,0.2,0,0.1,-16.84,2169.094,319,5.7,1187.974036,0.654607149,0.000931311,0,2169.094,0.16,3290,5.017130868,0.137556471,159,-14.65155017,10,0.28174754
223.4,0.2,0,0.1,-16.84,2169.094,319,5.7,1187.974036,0.436615242,0.000931311,0,2169.094,0.16,3290,5.017130868,0.137556471,159,-15.34717813,10,0.474617217
186.9,0.3,0,0,-15.12,2135.794,281,5.6,656.3201755,0.694920165,-0.003719723,0,2135.794,0.18,3290,4.331384053,0.052439149,145,-14.95575032,10,0.120608554
58.8,0.3,0,0,-15.12,2135.794,281,5.6,656.3201755,0.980912797,-0.003719723,0,2135.794,0.18,3290,4.331384053,0.052439149,145,-14.60864575,10,0.353382457
106.3,0.3,0,0,-15.12,2135.794,281,5.6,656.3201755,0.184309396,-0.003719723,0,2135.794,0.18,3290,4.331384053,0.052439149,145,-15.3471986,10,0.315288845
202.5,0.2,0,0,-6.3296,2397.1976,363.2,8.8,1420.935298,0.180499034,0.020035057,0,2397.1976,0.16,3290,4.26239562,0.078332775,150.8,-15.52749912,10,0.23942196
9.8,0.2,0,0,-6.3296,2397.1976,363.2,8.8,1420.935298,0.120456924,0.020035057,0,2397.1976,0.16,3290,4.26239562,0.078332775,150.8,-15.02435653,10,0.300569234
32.8,0.2,0,0,-6.3296,2397.1976,363.2,8.8,1420.935298,0.557519075,0.020035057,0,2397.1976,0.16,3290,4.26239562,0.078332775,150.8,-15.20227434,10,0.680500004
87.6,0.2,0,0,-6.3296,2397.1976,363.2,8.8,1420.935298,0.583294719,0.020035057,0,2397.1976,0.16,3290,4.26239562,0.078332775,150.8,-15.29205591,10,0.245979852
279.8,0.2,0,0.1,-16.84,2169.094,319,5.7,1187.974036,0.800961053,0.000931311,0,2169.094,0.16,3290,5.017130868,0.137556471,159,-14.62849929,10,0.225215725
35,0.2,0,0.1,-16.84,2169.094,319,5.7,1187.974036,0.576431534,0.000931311,0,2169.094,0.16,3290,5.017130868,0.137556471,159,-15.4622332,10,0.829913788
104.2,0.2,0,0.1,-16.84,2169.094,319,5.7,1187.974036,0.290215941,0.000931311,0,2169.094,0.16,3290,5.017130868,0.137556471,159,-15.04472976,10,0.056188472
223.4,0.2,0,0.1,-16.84,2169.094,319,5.7,1187.974036,0.907966684,0.000931311,0,2169.094,0.16,3290,5.017130868,0.137556471,159,-15.56028877,10,0.062993111
232.4,0.4,0.1,0,-10.96,2074.047,351,4.6,2391.29085,0.247172898,-0.045722052,0.067586899,2074.047,0.16,2750,4.493145453,0.029435614,194,-14.80309139,10,0.425300189
215,0.4,0.1,0,-10.96,2074.047,351,4.6,2391.29085,0.880309892,-0.045722052,0.067586899,2074.047,0.16,2750,4.493145453,0.029435614,194,-15.47814182,10,0.875413373
15.6,0.4,0.1,0,-10.96,2074.047,351,4.6,2391.29085,0.072347506,-0.045722052,0.067586899,2074.047,0.16,2750,4.493145453,0.029435614,194,-14.71479483,10,0.821214028
77.2,0.4,0.1,0,-10.96,2074.047,351,4.6,2391.29085,0.941541916,-0.045722052,0.067586899,2074.047,0.16,2750,4.493145453,0.029435614,194,-15.11782417,10,0.231746807
161.3,0.4,0.1,0,-10.96,2074.047,351,4.6,2391.29085,0.789591728,-0.045722052,0.067586899,2074.047,0.16,2750,4.493145453,0.029435614,194,-15.52508888,10,0.214856703
230.6,0.222222222,0.222222222,0,-15.40740741,1977.215556,311.1111111,4.444444444,1689.17468,0.182533057,-0.050773921,0.062548277,1977.215556,0.098765432,2750,5.160180766,0.023496636,131.1111111,-14.96705777,10,0.799261793
7.1,0.222222222,0.222222222,0,-15.40740741,1977.215556,311.1111111,4.444444444,1689.17468,0.318446029,-0.050773921,0.062548277,1977.215556,0.098765432,2750,5.160180766,0.023496636,131.1111111,-15.48806148,10,0.67928675
113.5,0.222222222,0.222222222,0,-15.40740741,1977.215556,311.1111111,4.444444444,1689.17468,0.83543221,-0.050773921,0.062548277,1977.215556,0.098765432,2750,5.160180766,0.023496636,131.1111111,-14.80469427,10,0.512664546
178.2,0.222222222,0.222222222,0,-15.40740741,1977.215556,311.1111111,4.444444444,1689.17468,0.587353879,-0.050773921,0.062548277,1977.215556,0.098765432,2750,5.160180766,0.023496636,131.1111111,-15.48019525,10,0.000333715
290.1,0.181818182,0.181818182,0,-13.75206612,2014.085455,400,4.727272727,2787.760842,0.350507722,-0.066437023,0.046869643,2014.085455,0.066115702,2750,5.062146714,0.025234531,165.4545455,-15.26147467,10,0.800088967
12.8,0.181818182,0.181818182,0,-13.75206612,2014.085455,400,4.727272727,2787.760842,0.515121868,-0.066437023,0.046869643,2014.085455,0.066115702,2750,5.062146714,0.025234531,165.4545455,-15.36819479,10,0.88452059
165.5,0.181818182,0.181818182,0,-13.75206612,2014.085455,400,4.727272727,2787.760842,0.152908524,-0.066437023,0.046869643,2014.085455,0.066115702,2750,5.062146714,0.025234531,165.4545455,-14.97736525,10,0.774381914
233.8,0.181818182,0.181818182,0,-13.75206612,2014.085455,400,4.727272727,2787.760842,0.692352796,-0.066437023,0.046869643,2014.085455,0.066115702,2750,5.062146714,0.025234531,165.4545455,-14.84111775,10,0.554015751
269.2,0.2,0.2,0,-14.56,1997.494,360,4.6,2257.29083,0.08192297,-0.059388627,0.053925028,1997.494,0.08,2750,5.158519857,0.02468835,150,-14.793006,10,0.136225822
11.3,0.2,0.2,0,-14.56,1997.494,360,4.6,2257.29083,0.931974978,-0.059388627,0.053925028,1997.494,0.08,2750,5.158519857,0.02468835,150,-15.57378974,10,0.121177227
149.4,0.2,0.2,0,-14.56,1997.494,360,4.6,2257.29083,0.844037757,-0.059388627,0.053925028,1997.494,0.08,2750,5.158519857,0.02468835,150,-15.00939292,10,0.104956378
176.3,0.2,0.2,0,-14.56,1997.494,360,4.6,2257.29083,0.101406211,-0.059388627,0.053925028,1997.494,0.08,2750,5.158519857,0.02468835,150,-15.04074742,10,0.789181489
181.9,0.25,0.25,0,-16.25,1951.8675,250,4.25,1284.705743,0.007360456,-0.040005539,0.073327338,1951.8675,0.125,2750,4.813901909,0.021028852,107.5,-14.9149189,10,0.023952104
20,0.25,0.25,0,-16.25,1951.8675,250,4.25,1284.705743,0.502331138,-0.040005539,0.073327338,1951.8675,0.125,2750,4.813901909,0.021028852,107.5,-15.41234506,10,0.088304083
101.9,0.25,0.25,0,-16.25,1951.8675,250,4.25,1284.705743,0.514764102,-0.040005539,0.073327338,1951.8675,0.125,2750,4.813901909,0.021028852,107.5,-14.81581747,10,0.197971216
141.9,0.25,0.25,0,-16.25,1951.8675,250,4.25,1284.705743,0.446593525,-0.040005539,0.073327338,1951.8675,0.125,2750,4.813901909,0.021028852,107.5,-14.91066325,10,0.829058775
16,0.2,0,0.2,-13.6,2140.094,410,4.8,1889.025669,0.628260046,-0.052684204,0,2140.094,0.08,2896,5.013467152,0.131994639,194,-15.44115484,10,0.672478392
90.5,0.2,0,0.2,-13.6,2140.094,410,4.8,1889.025669,0.859199443,-0.052684204,0,2140.094,0.08,2896,5.013467152,0.131994639,194,-15.43239165,10,0.317842905
131,0.2,0,0.2,-13.6,2140.094,410,4.8,1889.025669,0.515576482,-0.052684204,0,2140.094,0.08,2896,5.013467152,0.131994639,194,-15.3348909,10,0.138921211
161.4,0.2,0,0.2,-13.6,2140.094,410,4.8,1889.025669,0.027686401,-0.052684204,0,2140.094,0.08,2896,5.013467152,0.131994639,194,-15.47788133,10,0.457951945
164.5,0.2,0,0.2,-13.6,2140.094,410,4.8,1889.025669,0.197002075,-0.052684204,0,2140.094,0.08,2896,5.013467152,0.131994639,194,-15.49765641,10,0.733741998
22.8,0.2,0,0.2,-13.6,2140.094,410,4.8,1889.025669,0.269908305,-0.052684204,0,2140.094,0.08,2896,5.013467152,0.131994639,194,-14.7880545,10,0.858039467
83.8,0.2,0,0.2,-13.6,2140.094,410,4.8,1889.025669,0.060519819,-0.052684204,0,2140.094,0.08,2896,5.013467152,0.131994639,194,-14.77949349,10,0.257313672
133.2,0.2,0,0.2,-13.6,2140.094,410,4.8,1889.025669,0.302846025,-0.052684204,0,2140.094,0.08,2896,5.013467152,0.131994639,194,-15.26335598,10,0.582861467
141.6,0.2,0,0.2,-13.6,2140.094,410,4.8,1889.025669,0.046288675,-0.052684204,0,2140.094,0.08,2896,5.013467152,0.131994639,194,-15.23565504,10,0.930555055
16.7,0.25,0,0.25,-14,1987.6175,427.5,4.75,2486.28839,0.920232655,-0.060016154,0,1987.6175,0,2896,4.423065465,0.140478087,212.5,-14.87205186,10,0.467905108
62.7,0.25,0,0.25,-14,1987.6175,427.5,4.75,2486.28839,0.597896618,-0.060016154,0,1987.6175,0,2896,4.423065465,0.140478087,212.5,-15.20311326,10,0.461951764
146.3,0.25,0,0.25,-14,1987.6175,427.5,4.75,2486.28839,0.203157074,-0.060016154,0,1987.6175,0,2896,4.423065465,0.140478087,212.5,-14.91376539,10,0.005097058
170.5,0.25,0,0.25,-14,1987.6175,427.5,4.75,2486.28839,0.835611079,-0.060016154,0,1987.6175,0,2896,4.423065465,0.140478087,212.5,-14.99104906,10,0.461691209
178.9,0.25,0,0.25,-14,1987.6175,427.5,4.75,2486.28839,0.652154148,-0.060016154,0,1987.6175,0,2896,4.423065465,0.140478087,212.5,-15.06165144,10,0.259871593
31,0.25,0,0.25,-15.25,2130.1175,312.5,4.5,793.9831613,0.458838786,-0.031625009,0,2130.1175,0.125,2896,4.699292203,0.145374775,162.5,-15.36572746,10,0.64228706
83.6,0.25,0,0.25,-15.25,2130.1175,312.5,4.5,793.9831613,0.633247757,-0.031625009,0,2130.1175,0.125,2896,4.699292203,0.145374775,162.5,-15.55112686,10,0.653886922
77.4,0.25,0,0.25,-15.25,2130.1175,312.5,4.5,793.9831613,0.384779536,-0.031625009,0,2130.1175,0.125,2896,4.699292203,0.145374775,162.5,-14.75989912,10,0.766262848
80.5,0.25,0,0.25,-15.25,2130.1175,312.5,4.5,793.9831613,0.736003691,-0.031625009,0,2130.1175,0.125,2896,4.699292203,0.145374775,162.5,-14.74797775,10,0.194451139
279.8,0.2,0,0.1,-16.84,2169.094,319,5.7,1187.974036,0.790874962,0.000931311,0,2169.094,0.16,3290,5.017130868,0.137556471,159,-15.05101594,10,0.276685603
35,0.2,0,0.1,-16.84,2169.094,319,5.7,1187.974036,0.365083783,0.000931311,0,2169.094,0.16,3290,5.017130868,0.137556471,159,-15.0033896,10,0.659078545
104.2,0.2,0,0.1,-16.84,2169.094,319,5.7,1187.974036,0.365066084,0.000931311,0,2169.094,0.16,3290,5.017130868,0.137556471,159,-15.1699127,10,0.013407384
223.4,0.2,0,0.1,-16.84,2169.094,319,5.7,1187.974036,0.366866342,0.000931311,0,2169.094,0.16,3290,5.017130868,0.137556471,159,-14.71089428,10,0.584748398
261.6,0.2,0,0.1,-16.84,2169.094,319,5.7,1187.974036,0.552003465,0.000931311,0,2169.094,0.16,3290,5.017130868,0.137556471,159,-15.34863199,10,0.105855062
185.6,0.25,0.25,0,-16.25,1951.8675,250,4.25,1284.705743,0.414159205,-0.040005539,0.073327338,1951.8675,0.125,2750,4.813901909,0.021028852,107.5,-14.78323946,10,0.901118528
28.7,0.25,0.25,0,-16.25,1951.8675,250,4.25,1284.705743,0.773563595,-0.040005539,0.073327338,1951.8675,0.125,2750,4.813901909,0.021028852,107.5,-15.29893857,10,0.418526584
124.6,0.25,0.25,0,-16.25,1951.8675,250,4.25,1284.705743,0.818770747,-0.040005539,0.073327338,1951.8675,0.125,2750,4.813901909,0.021028852,107.5,-15.42986307,10,0.473464284
147.4,0.25,0.25,0,-16.25,1951.8675,250,4.25,1284.705743,0.368660517,-0.040005539,0.073327338,1951.8675,0.125,2750,4.813901909,0.021028852,107.5,-15.21752763,10,0.816279451
181.9,0.25,0.25,0,-16.25,1951.8675,250,4.25,1284.705743,0.749239817,-0.040005539,0.073327338,1951.8675,0.125,2750,4.813901909,0.021028852,107.5,-15.23024215,10,0.579428634
101.9,0.25,0.25,0,-16.25,1951.8675,250,4.25,1284.705743,0.753191272,-0.040005539,0.073327338,1951.8675,0.125,2750,4.813901909,0.021028852,107.5,-14.66688135,10,0.519398241
141.9,0.25,0.25,0,-16.25,1951.8675,250,4.25,1284.705743,0.352028185,-0.040005539,0.073327338,1951.8675,0.125,2750,4.813901909,0.021028852,107.5,-14.61959765,10,0.361012941
260.4,0.2,0.2,0,-17.44,1987.094,256,4.2,1750.73754,0.306729451,-0.011416196,0.101812555,1987.094,0.16,2750,5.446519663,0.071441968,134,-14.63495207,10,0.568151921
95.5,0.2,0.2,0,-17.44,1987.094,256,4.2,1750.73754,0.635430645,-0.011416196,0.101812555,1987.094,0.16,2750,5.446519663,0.071441968,134,-14.68590108,10,0.298241624
200.5,0.2,0.2,0,-17.44,1987.094,256,4.2,1750.73754,0.3698632,-0.011416196,0.101812555,1987.094,0.16,2750,5.446519663,0.071441968,134,-15.07934782,10,0.359374738
233.2,0.243902439,0.243902439,0,-16.51397977,1956.163415,250.7317073,4.243902439,1240.241473,0.893005622,-0.036519034,0.076801145,1956.163415,0.1189768,2750,5.019978793,0.033123187,110.7317073,-14.78959038,10,0.184213975
156.4,0.243902439,0.243902439,0,-16.51397977,1956.163415,250.7317073,4.243902439,1240.241473,0.161351751,-0.036519034,0.076801145,1956.163415,0.1189768,2750,5.019978793,0.033123187,110.7317073,-15.54489389,10,0.496191365
176.3,0.243902439,0.243902439,0,-16.51397977,1956.163415,250.7317073,4.243902439,1240.241473,0.910033602,-0.036519034,0.076801145,1956.163415,0.1189768,2750,5.019978793,0.033123187,110.7317073,-14.72319816,10,0.546238791
243.8,0.235294118,0.235294118,0,-16.83044983,1962.228235,251.7647059,4.235294118,1248.45847,0.006567904,-0.031596909,0.081705343,1962.228235,0.110726644,2750,5.198233238,0.044531055,115.2941176,-15.50719442,10,0.257922985
153.3,0.235294118,0.235294118,0,-16.83044983,1962.228235,251.7647059,4.235294118,1248.45847,0.034945935,-0.031596909,0.081705343,1962.228235,0.110726644,2750,5.198233238,0.044531055,115.2941176,-14.68383332,10,0.648125762
190.9,0.235294118,0.235294118,0,-16.83044983,1962.228235,251.7647059,4.235294118,1248.45847,0.077187624,-0.031596909,0.081705343,1962.228235,0.110726644,2750,5.198233238,0.044531055,115.2941176,-15.46259351,10,0.945723286
262.9,0.222222222,0.222222222,0,-17.18518519,1971.437778,253.3333333,4.222222222,1367.728667,0.498685205,-0.02412257,0.089152459,1971.437778,0.098765432,2750,5.372308617,0.056901923,122.2222222,-14.93667763,10,0.260843565
119.5,0.222222222,0.222222222,0,-17.18518519,1971.437778,253.3333333,4.222222222,1367.728667,0.961870715,-0.02412257,0.089152459,1971.437778,0.098765432,2750,5.372308617,0.056901923,122.2222222,-15.08328996,10,0.734278515
200.9,0.222222222,0.222222222,0,-17.18518519,1971.437778,253.3333333,4.222222222,1367.728667,0.958267645,-0.02412257,0.089152459,1971.437778,0.098765432,2750,5.372308617,0.056901923,122.2222222,-14.73730264,10,0.935698946
262.6,0.181818182,0.181818182,0,-17.32231405,1999.903636,258.1818182,4.181818182,2120.372586,0.947779833,-0.001020071,0.112170816,1999.903636,0.198347107,2750,5.396156947,0.079750111,143.6363636,-14.70819819,10,0.06410424
30.8,0.181818182,0.181818182,0,-17.32231405,1999.903636,258.1818182,4.181818182,2120.372586,0.272921824,-0.001020071,0.112170816,1999.903636,0.198347107,2750,5.396156947,0.079750111,143.6363636,-15.16036831,10,0.294626518
204.4,0.181818182,0.181818182,0,-17.32231405,1999.903636,258.1818182,4.181818182,2120.372586,0.958502169,-0.001020071,0.112170816,1999.903636,0.198347107,2750,5.396156947,0.079750111,143.6363636,-14.68829159,10,0.381978459
151.5,0.243902439,0,0.12195122,-10.63652588,2415.195122,324.3902439,6.195121951,1820.781547,0.695689853,0.003531761,0,2415.195122,0.237953599,3823,3.864673441,0.189737741,194.0365854,-14.70685853,5.5,0.143260451
156.2,0.23255814,0,0.11627907,-28.57760952,2480.674419,323.255814,6.093023256,3162.183619,0.163108938,-0.02901336,0,2480.674419,0.216333153,3823,5.672871483,0.220269066,185.2674419,-14.90718937,5.5,0.081769083
149.4,0.25,0,0.125,-0.25,2380,325,6.25,1691.419547,0.942614832,0.021024763,0,2380,0.25,2896,3.619718704,0.167089301,198.75,-15.04121941,100,0.048592228
176.9,0.2,0,0,-4,2301,392,7.4,3376.891773,0.885432765,0.006295917,0,2301,0.16,2750,4.303546291,0.097575068,206,-15.1325896,100,0.55638644
172.4,0.2,0,0,-4,2301,392,7.4,3376.891773,0.463574095,0.006295917,0,2301,0.16,2750,4.303546291,0.097575068,206,-15.3132752,100,0.733801044
167,0.2,0,0,-4,2301,392,7.4,3376.891773,0.325743459,0.006295917,0,2301,0.16,2750,4.303546291,0.097575068,206,-15.51748911,100,0.844498399
161.3,0.2,0,0,-4,2301,392,7.4,3376.891773,0.033613501,0.006295917,0,2301,0.16,2750,4.303546291,0.097575068,206,-15.59405764,100,0.32925772
160.5,0.2,0,0,-4,2301,392,7.4,3376.891773,0.750911663,0.006295917,0,2301,0.16,2750,4.303546291,0.097575068,206,-15.3290948,100,0.441838396
143.5,0.2,0.2,0,0.16,2301.6,308,7.2,2287.861153,0.929355332,0.011018242,0.124157383,2301.6,0.16,2750,3.789935405,0.093331333,152,-15.5733914,50,0.80038997
145.2,0.2,0.2,0,0.16,2301.6,308,7.2,2287.861153,0.902565697,0.011018242,0.124157383,2301.6,0.16,2750,3.789935405,0.093331333,152,-15.0152754,50,0.939114939
155.5,0.2,0.2,0,0.16,2301.6,308,7.2,2287.861153,0.535550888,0.011018242,0.124157383,2301.6,0.16,2750,3.789935405,0.093331333,152,-14.90262539,50,0.58716266
141.4,0.2,0.2,0,0.16,2301.6,308,7.2,2287.861153,0.641809187,0.011018242,0.124157383,2301.6,0.16,2750,3.789935405,0.093331333,152,-15.59591242,50,0.694104299
139,0.2,0.2,0,0.16,2301.6,308,7.2,2287.861153,0.53423547,0.011018242,0.124157383,2301.6,0.16,2750,3.789935405,0.093331333,152,-14.60189979,50,0.632713736
199.5,0.2,0,0.1,-4.92,2418.4,461,6.3,2831.064159,0.448934939,-0.021781605,0,2418.4,0.16,3290,4.156460862,0.138070985,221,-15.52005401,80,0.171627753
21.3,0.2,0,0.1,-4.92,2418.4,461,6.3,2831.064159,0.093002547,-0.021781605,0,2418.4,0.16,3290,4.156460862,0.138070985,221,-15.06647565,80,0.445938739
68.3,0.2,0,0.1,-4.92,2418.4,461,6.3,2831.064159,0.592025699,-0.021781605,0,2418.4,0.16,3290,4.156460862,0.138070985,221,-15.16908065,80,0.682187702
122.9,0.2,0,0.1,-4.92,2418.4,461,6.3,2831.064159,0.721587744,-0.021781605,0,2418.4,0.16,3290,4.156460862,0.138070985,221,-15.5880925,80,0.544913304
197.8,0.2,0.2,0,-4.64,2236.4,398,4.8,3553.98601,0.036101355,-0.034129112,0.079075713,2236.4,0.16,2750,4.275786867,0.075954443,196,-15.50657813,50,0.510053421
39.5,0.2,0.2,0,-4.64,2236.4,398,4.8,3553.98601,0.983506666,-0.034129112,0.079075713,2236.4,0.16,2750,4.275786867,0.075954443,196,-15.43302521,50,0.039678297
93.7,0.2,0.2,0,-4.64,2236.4,398,4.8,3553.98601,0.304351188,-0.034129112,0.079075713,2236.4,0.16,2750,4.275786867,0.075954443,196,-15.07791763,50,0.645259001
187.4,0.2,0.2,0,-4.64,2236.4,398,4.8,3553.98601,0.469441775,-0.034129112,0.079075713,2236.4,0.16,2750,4.275786867,0.075954443,196,-15.12876253,50,0.97411959
189.5,0.25,0,0,-5,2249.75,402.5,4.75,4077.461115,0.487009941,-0.014334051,0,2249.75,0.25,2750,3.783981912,0.081157213,232.5,-14.91022591,120,0.310604339
17.3,0.25,0,0,-5,2249.75,402.5,4.75,4077.461115,0.468999312,-0.014334051,0,2249.75,0.25,2750,3.783981912,0.081157213,232.5,-15.331513,120,0.673542735
45.1,0.25,0,0,-5,2249.75,402.5,4.75,4077.461115,0.421303943,-0.014334051,0,2249.75,0.25,2750,3.783981912,0.081157213,232.5,-15.11052131,120,0.689568027
155.7,0.25,0,0,-5,2249.75,402.5,4.75,4077.461115,0.760746563,-0.014334051,0,2249.75,0.25,2750,3.783981912,0.081157213,232.5,-14.99549693,120,0.287462739
143.3,0.2,0.4,0,-1.28,2237,314,4.6,3144.882869,0.880989306,-0.029406786,0.083812555,2237,0.16,2750,3.223254875,0.073020263,142,-15.22365672,50,0.269299553
11.2,0.2,0.4,0,-1.28,2237,314,4.6,3144.882869,0.513514145,-0.029406786,0.083812555,2237,0.16,2750,3.223254875,0.073020263,142,-14.87036274,50,0.437116592
37.5,0.2,0.4,0,-1.28,2237,314,4.6,3144.882869,0.784248277,-0.029406786,0.083812555,2237,0.16,2750,3.223254875,0.073020263,142,-14.95304263,50,0.624847016
89.1,0.2,0.4,0,-1.28,2237,314,4.6,3144.882869,0.086617881,-0.029406786,0.083812555,2237,0.16,2750,3.223254875,0.073020263,142,-15.25481038,50,0.415757157
171.1,0.25,0.25,0,-0.25,2250.5,297.5,4.5,2514.612312,0.020081819,-0.008431144,0.104765694,2250.5,0.25,2750,3.20392046,0.076822128,165,-15.15122034,50,0.970826365
9,0.25,0.25,0,-0.25,2250.5,297.5,4.5,2514.612312,0.771595066,-0.008431144,0.104765694,2250.5,0.25,2750,3.20392046,0.076822128,165,-14.81912789,50,0.581454479
29,0.25,0.25,0,-0.25,2250.5,297.5,4.5,2514.612312,0.383604673,-0.008431144,0.104765694,2250.5,0.25,2750,3.20392046,0.076822128,165,-15.59490429,50,0.033689129
129.1,0.25,0.25,0,-0.25,2250.5,297.5,4.5,2514.612312,0.822010294,-0.008431144,0.104765694,2250.5,0.25,2750,3.20392046,0.076822128,165,-15.48397584,50,0.666378862
161,0.040767386,0.239808153,0,-4.458016321,2800.472422,712.7817746,12.15347722,3623.077181,0.249423485,-0.082767747,0.030551545,2800.472422,0.05750795,3695,3.679473775,0.187160097,309.9520384,-15.3997317,50,0.950464091
59.4,0.040767386,0.239808153,0,-4.458016321,2800.472422,712.7817746,12.15347722,3623.077181,0.216479526,-0.082767747,0.030551545,2800.472422,0.05750795,3695,3.679473775,0.187160097,309.9520384,-15.22075404,50,0.882057579
166.1,0.069767442,0.23255814,0,-4.586262845,2774.488372,696.9767442,11.90697674,3544.880299,0.388450935,-0.080265466,0.033053525,2774.488372,0.054083288,3695,3.753876266,0.186475843,308.1395349,-15.19926992,50,0.999331314
47.5,0.069767442,0.23255814,0,-4.586262845,2774.488372,696.9767442,11.90697674,3544.880299,0.479261332,-0.080265466,0.033053525,2774.488372,0.054083288,3695,3.753876266,0.186475843,308.1395349,-15.3489025,50,0.011579338
178.5,0,0.25,0,-4.25,2837,735,12.5,3843.305179,0.933748243,0,0.027034338,2837,0.0625,3695,3.450104338,0.187949341,312.5,-15.23165836,50,0.175924231
75.1,0,0.25,0,-4.25,2837,735,12.5,3843.305179,0.002833529,0,0.027034338,2837,0.0625,3695,3.450104338,0.187949341,312.5,-14.81368002,50,0.88249771
79.1,0.177644711,0,0,2.441902622,2673.335329,435.5888224,10.03592814,1204.82979,0.324316639,0.005882426,0,2673.335329,0.157067103,3290,3.198889863,0.067466228,144.5309381,-15.12832903,80,0.778335052
56.8,0.177644711,0,0,2.441902622,2673.335329,435.5888224,10.03592814,1204.82979,0.426014032,0.005882426,0,2673.335329,0.157067103,3290,3.198889863,0.067466228,144.5309381,-15.48890204,80,0.332192769
62.6,0.177644711,0,0,2.441902622,2673.335329,435.5888224,10.03592814,1204.82979,0.217174047,0.005882426,0,2673.335329,0.157067103,3290,3.198889863,0.067466228,144.5309381,-14.81109274,80,0.533133723
73.7,0.177644711,0,0,2.441902622,2673.335329,435.5888224,10.03592814,1204.82979,0.706524084,0.005882426,0,2673.335329,0.157067103,3290,3.198889863,0.067466228,144.5309381,-14.62186265,80,0.329266632
76.5,0.177644711,0,0,2.441902622,2673.335329,435.5888224,10.03592814,1204.82979,0.97050812,0.005882426,0,2673.335329,0.157067103,3290,3.198889863,0.067466228,144.5309381,-15.0200242,80,0.64069568
174.6,0.243902439,0,0.12195122,-6.472337894,2363.097561,324.3902439,6.195121951,1705.677932,0.657749114,0.012794738,0,2363.097561,0.237953599,2896,4.499675189,0.167750887,196.0060976,-14.64781718,86.25,0.616874858
183.3,0.23255814,0,0.11627907,-17.22011898,2331.651163,323.255814,6.093023256,2072.463165,0.924632405,-0.002516935,0,2331.651163,0.216333153,2896,5.869598234,0.168460557,190.9011628,-14.64569559,86.25,0.846439645
221,0.222222222,0,0.111111111,-26.07407407,2303,322.2222222,6,2738.700927,0.828884975,-0.016467572,0,2303,0.197530864,2896,6.941708707,0.168550328,186.25,-15.15981174,86.25,0.6675838
220.6,0.212765957,0,0.106382979,-33.39067451,2276.787234,321.2765957,5.914893617,3518.55859,0.289947642,-0.02923092,0,2276.787234,0.181077411,2896,7.797882243,0.168193249,181.9946809,-15.22055349,86.25,0.702205886
241.5,0.204081633,0,0.102040816,-39.45022907,2252.714286,320.4081633,5.836734694,4338.776001,0.255005282,-0.040952362,0,2252.714286,0.166597251,2896,8.486137918,0.167511628,178.0867347,-15.43692722,86.25,0.474692245
146.1,0.25,0,0.125,-0.25,2380,325,6.25,1691.419547,0.271071638,0.021024763,0,2380,0.25,2896,3.619718704,0.167089301,198.75,-14.84366648,100,0.777733847
110.3,0.375,0,0,1.875,2328.125,322.5,7.75,1557.629901,0.452586587,0.030998167,0,2328.125,0.125,3290,2.815900895,0.076501054,191.25,-14.73591036,80,0.443722359
136.7,0.3,0,0,2.36,2369.2,323.5,7.8,1610.091223,0.148587786,0.032050742,0,2369.2,0.2,3290,2.899056808,0.08125721,182,-15.4172849,80,0.057305235
130.8,0.3,0,0,2.36,2369.2,323.5,7.8,1610.091223,0.876365108,0.032050742,0,2369.2,0.2,3290,2.899056808,0.08125721,182,-14.87716642,80,0.864115974
105.8,0.3,0,0,2.36,2369.2,323.5,7.8,1610.091223,0.907087834,0.032050742,0,2369.2,0.2,3290,2.899056808,0.08125721,182,-15.43331351,80,0.230342986
123.7,0.3,0,0,2.36,2369.2,323.5,7.8,1610.091223,0.419805096,0.032050742,0,2369.2,0.2,3290,2.899056808,0.08125721,182,-14.66070799,80,0.99427831
121.3,0.3,0,0,2.36,2369.2,323.5,7.8,1610.091223,0.059658758,0.032050742,0,2369.2,0.2,3290,2.899056808,0.08125721,182,-15.27818002,80,0.123887241
76.1,0.3,0,0,2.36,2369.2,323.5,7.8,1610.091223,0.560311949,0.032050742,0,2369.2,0.2,3290,2.899056808,0.08125721,182,-15.59404128,80,0.782215341
142.7,0.3,0,0,2.36,2369.2,323.5,7.8,1610.091223,0.067546789,0.032050742,0,2369.2,0.2,3290,2.899056808,0.08125721,182,-14.72893556,80,0.79254904
140.3,0.3,0,0,2.36,2369.2,323.5,7.8,1610.091223,0.790373046,0.032050742,0,2369.2,0.2,3290,2.899056808,0.08125721,182,-14.69340514,80,0.042223691
121.3,0.3,0,0,2.36,2369.2,323.5,7.8,1610.091223,0.324013748,0.032050742,0,2369.2,0.2,3290,2.899056808,0.08125721,182,-14.90071581,80,0.039570431
164.1,0.3,0,0,2.36,2369.2,323.5,7.8,1610.091223,0.062337512,0.032050742,0,2369.2,0.2,3290,2.899056808,0.08125721,182,-15.22135512,80,0.974756828
162.9,0.3,0,0,2.36,2369.2,323.5,7.8,1610.091223,0.06327255,0.032050742,0,2369.2,0.2,3290,2.899056808,0.08125721,182,-15.11111549,80,0.261565127
148.6,0.3,0,0,2.36,2369.2,323.5,7.8,1610.091223,0.453935179,0.032050742,0,2369.2,0.2,3290,2.899056808,0.08125721,182,-15.40683279,80,0.829116807
195,0.3,0,0,2.36,2369.2,323.5,7.8,1610.091223,0.290373063,0.032050742,0,2369.2,0.2,3290,2.899056808,0.08125721,182,-15.29735401,80,0.468845082
184.3,0.3,0,0,2.36,2369.2,323.5,7.8,1610.091223,0.819063282,0.032050742,0,2369.2,0.2,3290,2.899056808,0.08125721,182,-15.40441663,80,0.309234902
162.9,0.3,0,0,2.36,2369.2,323.5,7.8,1610.091223,0.249322689,0.032050742,0,2369.2,0.2,3290,2.899056808,0.08125721,182,-15.01355268,80,0.643523867
228.3,0.3,0,0,2.36,2369.2,323.5,7.8,1610.091223,0.000289775,0.032050742,0,2369.2,0.2,3290,2.899056808,0.08125721,182,-15.52169898,80,0.408675841
223.5,0.3,0,0,2.36,2369.2,323.5,7.8,1610.091223,0.06247778,0.032050742,0,2369.2,0.2,3290,2.899056808,0.08125721,182,-15.43557306,80,0.887128914
208.1,0.3,0,0,2.36,2369.2,323.5,7.8,1610.091223,0.888631353,0.032050742,0,2369.2,0.2,3290,2.899056808,0.08125721,182,-15.09574589,80,0.457706256
284.2,0.3,0,0,2.36,2369.2,323.5,7.8,1610.091223,0.676935326,0.032050742,0,2369.2,0.2,3290,2.899056808,0.08125721,182,-15.01990309,80,0.519266067
267.5,0.3,0,0,2.36,2369.2,323.5,7.8,1610.091223,0.008465139,0.032050742,0,2369.2,0.2,3290,2.899056808,0.08125721,182,-14.62973657,80,0.017980588
262.8,0.3,0,0,2.36,2369.2,323.5,7.8,1610.091223,0.703805822,0.032050742,0,2369.2,0.2,3290,2.899056808,0.08125721,182,-15.44364748,80,0.132034157
112.2,0.19047619,0,0.047619048,1.560090703,2540.761905,395.7142857,9.80952381,1554.511921,0.179125569,0.023828068,0,2540.761905,0.145124717,3290,3.622100302,0.127407202,163.3333333,-15.47364785,80,0.910116364
132.8,0.181818182,0,0.090909091,0.595041322,2556.909091,406.3636364,9.636363636,1537.701204,0.156171147,0.019118281,0,2556.909091,0.132231405,3290,3.847688001,0.152930427,168.1818182,-15.29765845,80,0.975835175
138.3,0.173913043,0,0.130434783,-0.211720227,2571.652174,416.0869565,9.47826087,1561.212433,0.506817328,0.014818041,0,2571.652174,0.120982987,3290,4.001023421,0.169521013,172.6086957,-14.70228377,80,0.81491668
152.1,0.166666667,0,0.166666667,-0.888888889,2585.166667,425,9.333333333,1602.364763,0.148262667,0.010876155,0,2585.166667,0.111111111,3290,4.107963492,0.180951264,176.6666667,-15.4235547,80,0.320645802
102.6,0.2,0,0,2.72,2523,384,10,1664.585912,0.119784626,0.029008833,0,2523,0.16,3290,3.219960136,0.081330099,158,-15.51242539,80,0.73913881
191,0.23255814,0.11627907,0.11627907,-16.36560303,2382,343.0232558,7.837209302,2151.427017,0.11941862,-0.029304833,0.083828116,2382,0.216333153,2896,5.853092896,0.158256706,152.5290698,-15.34961396,50,0.829190913
19.6,0.23255814,0.11627907,0.11627907,-16.36560303,2382,343.0232558,7.837209302,2151.427017,0.34610334,-0.029304833,0.083828116,2382,0.216333153,2896,5.853092896,0.158256706,152.5290698,-15.19985319,50,0.73215587
47,0.23255814,0.11627907,0.11627907,-16.36560303,2382,343.0232558,7.837209302,2151.427017,0.267560077,-0.029304833,0.083828116,2382,0.216333153,2896,5.853092896,0.158256706,152.5290698,-15.2051607,50,0.196015381
218.7,0.222222222,0.111111111,0.111111111,-24.44444444,2351.111111,341.1111111,7.666666667,2807.380152,0.516016778,-0.042064896,0.071011513,2351.111111,0.197530864,2896,6.832182231,0.157954076,149.5833333,-14.84833849,50,0.360387144
23,0.222222222,0.111111111,0.111111111,-24.44444444,2351.111111,341.1111111,7.666666667,2807.380152,0.118417818,-0.042064896,0.071011513,2351.111111,0.197530864,2896,6.832182231,0.157954076,149.5833333,-14.78788835,50,0.560702475
75.2,0.222222222,0.111111111,0.111111111,-24.44444444,2351.111111,341.1111111,7.666666667,2807.380152,0.961071235,-0.042064896,0.071011513,2351.111111,0.197530864,2896,6.832182231,0.157954076,149.5833333,-15.32290531,50,0.719258375
270.1,0.212765957,0.106382979,0.106382979,-31.11815301,2322.851064,339.3617021,7.510638298,3520.338043,0.929916163,-0.053738996,0.059285684,2322.851064,0.181077411,2896,7.609859072,0.157318754,146.8882979,-14.75347843,50,0.812411721
29.7,0.212765957,0.106382979,0.106382979,-31.11815301,2322.851064,339.3617021,7.510638298,3520.338043,0.327130174,-0.053738996,0.059285684,2322.851064,0.181077411,2896,7.609859072,0.157318754,146.8882979,-14.85416507,50,0.941687164
85.2,0.212765957,0.106382979,0.106382979,-31.11815301,2322.851064,339.3617021,7.510638298,3520.338043,0.217301389,-0.053738996,0.059285684,2322.851064,0.181077411,2896,7.609859072,0.157318754,146.8882979,-15.18296943,50,0.345160602
140.4,0.25,0.125,0.125,-0.875,2434.125,346.25,8.125,1599.323369,0.403730234,-0.007772226,0.105456134,2434.125,0.25,2896,3.774095697,0.157788069,157.5,-15.02612958,50,0.909309799
6.7,0.25,0.125,0.125,-0.875,2434.125,346.25,8.125,1599.323369,0.4944731,-0.007772226,0.105456134,2434.125,0.25,2896,3.774095697,0.157788069,157.5,-15.36082335,50,0.296368809
41,0.25,0.125,0.125,-0.875,2434.125,346.25,8.125,1599.323369,0.154337357,-0.007772226,0.105456134,2434.125,0.25,2896,3.774095697,0.157788069,157.5,-15.11909311,50,0.349068434
152.1,0.166666667,0,0.166666667,-0.888888889,2585.166667,425,9.333333333,1602.364763,0.017134385,0.010876155,0,2585.166667,0.111111111,3290,4.107963492,0.180951264,176.6666667,-15.1576095,80,0.517209169
55.9,0.166666667,0,0.166666667,-0.888888889,2585.166667,425,9.333333333,1602.364763,0.346333357,0.010876155,0,2585.166667,0.111111111,3290,4.107963492,0.180951264,176.6666667,-14.68332491,80,0.09260096
81.9,0.166666667,0,0.166666667,-0.888888889,2585.166667,425,9.333333333,1602.364763,0.044695841,0.010876155,0,2585.166667,0.111111111,3290,4.107963492,0.180951264,176.6666667,-14.86697912,80,0.611015614
101.3,0.166666667,0,0.166666667,-0.888888889,2585.166667,425,9.333333333,1602.364763,0.939820127,0.010876155,0,2585.166667,0.111111111,3290,4.107963492,0.180951264,176.6666667,-14.62313384,80,0.904132369
157,0.2,0,0.2,-1.92,2552.2,442,10.2,1940.837462,0.611900061,0.017722666,0,2552.2,0.12,3290,3.757418604,0.198741902,188,-14.93787787,80,0.748084906
39.6,0.2,0,0.2,-1.92,2552.2,442,10.2,1940.837462,0.389664626,0.017722666,0,2552.2,0.12,3290,3.757418604,0.198741902,188,-14.61343808,80,0.404352947
83.9,0.2,0,0.2,-1.92,2552.2,442,10.2,1940.837462,0.155878748,0.017722666,0,2552.2,0.12,3290,3.757418604,0.198741902,188,-14.84506952,80,0.436808891
102.5,0.2,0,0.2,-1.92,2552.2,442,10.2,1940.837462,0.99738233,0.017722666,0,2552.2,0.12,3290,3.757418604,0.198741902,188,-15.45620117,80,0.647903988
197.9,0.2,0,0.2,-1.6,2444.2,358,7.4,1803.787198,0.69125507,0.017722666,0,2444.2,0.16,2896,4.033773415,0.195179394,196,-14.71112809,100,0.439119945
181.3,0.2,0,0.2,-1.6,2444.2,358,7.4,1803.787198,0.437755166,0.017722666,0,2444.2,0.16,2896,4.033773415,0.195179394,196,-15.5641156,100,0.451256164
21.5,0.2,0,0.2,-1.6,2444.2,358,7.4,1803.787198,0.713073452,0.017722666,0,2444.2,0.16,2896,4.033773415,0.195179394,196,-15.10221547,100,0.058138522
45.7,0.2,0,0.2,-1.6,2444.2,358,7.4,1803.787198,0.779261915,0.017722666,0,2444.2,0.16,2896,4.033773415,0.195179394,196,-15.341404,100,0.662945309
73.1,0.2,0,0.2,-1.6,2444.2,358,7.4,1803.787198,0.826016823,0.017722666,0,2444.2,0.16,2896,4.033773415,0.195179394,196,-15.41617044,100,0.086173318
83.8,0.2,0,0.2,-1.6,2444.2,358,7.4,1803.787198,0.199419074,0.017722666,0,2444.2,0.16,2896,4.033773415,0.195179394,196,-15.35655392,100,0.779929591
95,0.2,0,0.2,-1.6,2444.2,358,7.4,1803.787198,0.560809377,0.017722666,0,2444.2,0.16,2896,4.033773415,0.195179394,196,-14.67664017,100,0.673512633
63.8,0.349862259,0,0,0.973157571,2255.170799,294.5730028,8.650137741,1581.654023,0.82118239,0.050509273,0,2255.170799,0.054641076,3290,2.603180509,0.080930057,191.046832,-15.28324429,80,0.71830719
179.3,0.222222222,0.222222222,0,-24.19753086,2271.888889,313.3333333,7.555555556,3305.274213,0.943863695,-0.045789575,0.06728017,2271.888889,0.197530864,2750,6.656720238,0.109913001,125.1388889,-14.75578679,50,0.19230266
30.8,0.222222222,0.222222222,0,-24.19753086,2271.888889,313.3333333,7.555555556,3305.274213,0.935384471,-0.045789575,0.06728017,2271.888889,0.197530864,2750,6.656720238,0.109913001,125.1388889,-15.59143903,50,0.370960798
112.2,0.222222222,0.222222222,0,-24.19753086,2271.888889,313.3333333,7.555555556,3305.274213,0.983568132,-0.045789575,0.06728017,2271.888889,0.197530864,2750,6.656720238,0.109913001,125.1388889,-15.25960918,50,0.969199224
204.9,0.181818182,0.181818182,0,-21.75206612,2245.727273,307.2727273,6.909090909,2998.446037,0.791700506,-0.018747621,0.094275307,2245.727273,0.132231405,2750,6.797058836,0.117688666,146.0227273,-15.5767696,50,0.728017773
197.4,0.181818182,0.181818182,0,-21.75206612,2245.727273,307.2727273,6.909090909,2998.446037,0.29178516,-0.018747621,0.094275307,2245.727273,0.132231405,2750,6.797058836,0.117688666,146.0227273,-15.21332143,50,0.619404891
49.4,0.181818182,0.181818182,0,-21.75206612,2245.727273,307.2727273,6.909090909,2998.446037,0.707098246,-0.018747621,0.094275307,2245.727273,0.132231405,2750,6.797058836,0.117688666,146.0227273,-14.88731798,50,0.067209034
13.6,0.181818182,0.181818182,0,-21.75206612,2245.727273,307.2727273,6.909090909,2998.446037,0.774384338,-0.018747621,0.094275307,2245.727273,0.132231405,2750,6.797058836,0.117688666,146.0227273,-15.35719055,50,0.323545801
122.4,0.181818182,0.181818182,0,-21.75206612,2245.727273,307.2727273,6.909090909,2998.446037,0.140776236,-0.018747621,0.094275307,2245.727273,0.132231405,2750,6.797058836,0.117688666,146.0227273,-14.87761772,50,0.983399499
79.4,0.181818182,0.181818182,0,-21.75206612,2245.727273,307.2727273,6.909090909,2998.446037,0.219614165,-0.018747621,0.094275307,2245.727273,0.132231405,2750,6.797058836,0.117688666,146.0227273,-14.72200917,50,0.326468706
169.4,0.181818182,0.181818182,0,-21.75206612,2245.727273,307.2727273,6.909090909,2998.446037,0.875453015,-0.018747621,0.094275307,2245.727273,0.132231405,2750,6.797058836,0.117688666,146.0227273,-15.37772603,50,0.521814492
153.6,0.2,0,0,2.72,2523,384,10,1664.585912,0.989465551,0.029008833,0,2523,0.16,3290,3.219960136,0.081330099,158,-15.16245371,80,0.807796947
80.4,0.2,0,0,2.72,2523,384,10,1664.585912,0.316528631,0.029008833,0,2523,0.16,3290,3.219960136,0.081330099,158,-15.50404665,80,0.198262242
192,0.2,0,0,2.72,2523,384,10,1664.585912,0.808791385,0.029008833,0,2523,0.16,3290,3.219960136,0.081330099,158,-14.74922772,80,0.411643429
83.9,0.2,0,0,2.72,2523,384,10,1664.585912,0.724793253,0.029008833,0,2523,0.16,3290,3.219960136,0.081330099,158,-15.02261337,80,0.662063855
131.7,0.2,0,0,2.72,2523,384,10,1664.585912,0.831420032,0.029008833,0,2523,0.16,3290,3.219960136,0.081330099,158,-15.2768877,80,0.14113896
121.5,0.2,0,0,2.72,2523,384,10,1664.585912,0.122482042,0.029008833,0,2523,0.16,3290,3.219960136,0.081330099,158,-14.70008373,80,0.537763748
115.7,0.2,0,0,2.72,2523,384,10,1664.585912,0.252829637,0.029008833,0,2523,0.16,3290,3.219960136,0.081330099,158,-15.26872726,80,0.643391525
96.8,0.2,0,0,2.72,2523,384,10,1664.585912,0.013429471,0.029008833,0,2523,0.16,3290,3.219960136,0.081330099,158,-14.85265418,80,0.353523802
95.4,0.2,0,0,2.72,2523,384,10,1664.585912,0.825658326,0.029008833,0,2523,0.16,3290,3.219960136,0.081330099,158,-14.79119281,80,0.374962423
95,0.2,0,0,2.72,2523,384,10,1664.585912,0.417939812,0.029008833,0,2523,0.16,3290,3.219960136,0.081330099,158,-14.65264827,80,0.186043593
95,0.2,0,0,2.72,2523,384,10,1664.585912,0.906473475,0.029008833,0,2523,0.16,3290,3.219960136,0.081330099,158,-15.29048875,80,0.52777692
93.9,0.2,0,0,2.72,2523,384,10,1664.585912,0.278897693,0.029008833,0,2523,0.16,3290,3.219960136,0.081330099,158,-15.36122405,80,0.278548302
91.5,0.2,0,0,2.72,2523,384,10,1664.585912,0.943100975,0.029008833,0,2523,0.16,3290,3.219960136,0.081330099,158,-15.05280821,80,0.942516553
90,0.2,0,0,2.72,2523,384,10,1664.585912,0.00545234,0.029008833,0,2523,0.16,3290,3.219960136,0.081330099,158,-14.93601542,80,0.309622935
83.7,0.2,0,0,2.72,2523,384,10,1664.585912,0.802583654,0.029008833,0,2523,0.16,3290,3.219960136,0.081330099,158,-15.21608919,80,0.234350833
83.6,0.2,0,0,2.72,2523,384,10,1664.585912,0.91449612,0.029008833,0,2523,0.16,3290,3.219960136,0.081330099,158,-14.72672638,80,0.202072042
82.9,0.2,0,0,2.72,2523,384,10,1664.585912,0.625703152,0.029008833,0,2523,0.16,3290,3.219960136,0.081330099,158,-15.44532022,80,0.299855176
81.2,0.2,0,0,2.72,2523,384,10,1664.585912,0.996971023,0.029008833,0,2523,0.16,3290,3.219960136,0.081330099,158,-15.31212702,80,0.037356324
9.3,0.2,0,0,2.72,2523,384,10,1664.585912,0.868427229,0.029008833,0,2523,0.16,3290,3.219960136,0.081330099,158,-15.13083622,80,0.594192702
29.8,0.2,0,0,2.72,2523,384,10,1664.585912,0.207055196,0.029008833,0,2523,0.16,3290,3.219960136,0.081330099,158,-14.60589747,80,0.852102002
55.6,0.2,0,0,2.72,2523,384,10,1664.585912,0.189792704,0.029008833,0,2523,0.16,3290,3.219960136,0.081330099,158,-15.52290162,80,0.267996921
54.8,0.2,0,0,2.72,2523,384,10,1664.585912,0.578852767,0.029008833,0,2523,0.16,3290,3.219960136,0.081330099,158,-14.62075186,80,0.459134519
54.1,0.2,0,0,2.72,2523,384,10,1664.585912,0.948580076,0.029008833,0,2523,0.16,3290,3.219960136,0.081330099,158,-15.530299,80,0.988333931
48,0.2,0,0,2.72,2523,384,10,1664.585912,0.688968095,0.029008833,0,2523,0.16,3290,3.219960136,0.081330099,158,-15.03943378,80,0.156591251
28.8,0.2,0,0,2.72,2523,384,10,1664.585912,0.062670003,0.029008833,0,2523,0.16,3290,3.219960136,0.081330099,158,-15.5012201,80,0.802941172
68.2,0.2,0,0,2.72,2523,384,10,1664.585912,0.551976117,0.029008833,0,2523,0.16,3290,3.219960136,0.081330099,158,-15.50276407,80,0.559483832
79.8,0.2,0,0,2.72,2523,384,10,1664.585912,0.754430068,0.029008833,0,2523,0.16,3290,3.219960136,0.081330099,158,-15.05896527,80,0.267461124
93.8,0.2,0,0,2.72,2523,384,10,1664.585912,0.907991267,0.029008833,0,2523,0.16,3290,3.219960136,0.081330099,158,-14.87073264,80,0.03315772
208.8,0,0,0,3.5,2668.5,432.5,11.5,2248.758082,0.859529651,0,0,2668.5,0.25,3290,2.801297611,0.0859766,135,-15.00023688,80,0.492390082
189.8,0,0,0,3.5,2668.5,432.5,11.5,2248.758082,0.521887321,0,0,2668.5,0.25,3290,2.801297611,0.0859766,135,-15.21158113,80,0.244350388
182.6,0,0,0,3.5,2668.5,432.5,11.5,2248.758082,0.633546398,0,0,2668.5,0.25,3290,2.801297611,0.0859766,135,-15.3458811,80,0.703733029
176.3,0,0,0,3.5,2668.5,432.5,11.5,2248.758082,0.311765302,0,0,2668.5,0.25,3290,2.801297611,0.0859766,135,-15.15386947,80,0.685038982
118.9,0,0,0,3.5,2668.5,432.5,11.5,2248.758082,0.491789301,0,0,2668.5,0.25,3290,2.801297611,0.0859766,135,-14.86531174,80,0.298698623
104.8,0.25,0,0,2.5,2331.25,290,7.75,1750.768695,0.795055516,0.042100141,0,2331.25,0.25,2750,2.981345321,0.089904418,177.5,-14.82932493,100,0.59606889
43.5,0.294117647,0,0,0.968858131,2320.882353,330.5882353,9.882352941,1617.024173,0.664138418,0.053651296,0,2320.882353,0.103806228,3290,2.57990888,0.075820299,182.9411765,-15.35342449,80,0.592377878
74.7,0.285714286,0,0,1.142857143,2348.571429,342.8571429,10.14285714,1665.344602,0.605145573,0.051451076,0,2348.571429,0.12244898,3290,2.629798634,0.075463733,180,-15.00380594,80,0.399683141
83.7,0.277777778,0,0,1.296296296,2374.722222,354.4444444,10.38888889,1715.048651,0.159186858,0.04937309,0,2374.722222,0.138888889,3290,2.669233382,0.07508034,177.2222222,-14.72449835,80,0.520355875
147.3,0.25,0,0,1.75,2466.25,395,11.25,1901.430604,0.212998645,0.042100141,0,2466.25,0.1875,3290,2.759302446,0.073377933,167.5,-15.50997183,80,0.019692461
141.2,0.294117647,0.088235294,0.029411765,0.795847751,2283.382353,290.2941176,4.441176471,1893.348877,0.177284315,0.011062719,0.124241467,2283.382353,0.346020761,2896,2.961678753,0.105383481,191.7647059,-15.10425131,50,0.017431683
193.9,0.277777778,0.083333333,0.083333333,-0.277777778,2317.416667,309.1666667,4.527777778,1781.080467,0.019105973,0.0060155,0.119204834,2317.416667,0.308641975,2896,3.3309811,0.137183616,196.1111111,-15.10739547,50,0.486973119
192.8,0.23255814,0.23255814,0.069767442,-1.254732288,2295.534884,320.6976744,4.604651163,2242.771898,0.783811304,-0.013409476,0.099799396,2295.534884,0.216333153,2896,3.585558262,0.125739891,172.3255814,-15.06356603,50,0.055918101
188,0.263157895,0.078947368,0.131578947,-1.135734072,2347.868421,326.0526316,4.605263158,1751.023477,0.177295233,0.001499566,0.114698374,2347.868421,0.27700831,2896,3.576015708,0.155856043,200,-14.68417075,50,0.442852578
215.9,0.222222222,0.222222222,0.111111111,-1.777777778,2322.222222,334.4444444,4.666666667,2150.745572,0.395536319,-0.016359599,0.096856405,2322.222222,0.197530864,2896,3.781725266,0.142952852,176.6666667,-14.94959134,50,0.467837161
203.4,0.25,0.075,0.175,-1.825,2375.275,341.25,4.675,1775.255946,0.673116619,-0.002564774,0.11064256,2375.275,0.25,2896,3.748579419,0.167877117,203.5,-15.4854305,50,0.841482629
245.5,0.212765957,0.212765957,0.14893617,-2.209144409,2346.638298,347.0212766,4.723404255,2091.402205,0.067556663,-0.019058647,0.094163881,2346.638298,0.181077411,2896,3.922096332,0.154720851,180.6382979,-15.32615111,50,0.099244522
216.2,0.217391304,0.065217391,0.282608696,-3.194706994,2443.195652,378.9130435,4.847826087,1874.532113,0.321268833,-0.012637268,0.100591194,2443.195652,0.189035917,2896,4.017282644,0.184917267,212.173913,-14.65108422,50,0.816129387
205.5,0.188679245,0.188679245,0.245283019,-3.104307583,2408.830189,379.0566038,4.867924528,1986.894047,0.810355994,-0.025933581,0.087305565,2408.830189,0.14239943,2896,4.149264487,0.173465579,190.754717,-15.30669916,50,0.417664402
209.7,0.208333333,0.0625,0.3125,-3.489583333,2462.0625,389.375,4.895833333,1892.325454,0.661424326,-0.015435184,0.097799148,2462.0625,0.173611111,2896,4.055459948,0.187250925,214.5833333,-14.77748576,50,0.906860653
217.3,0.181818182,0.181818182,0.272727273,-3.305785124,2426.545455,388.1818182,4.909090909,1958.96345,0.277510908,-0.027891896,0.085351984,2426.545455,0.132231405,2896,4.18400437,0.176620591,193.6363636,-14.76891576,50,0.219387702
220.4,0.175438596,0.175438596,0.298245614,-3.471837488,2443.017544,396.6666667,4.947368421,1931.059389,0.229192073,-0.029712785,0.083535496,2443.017544,0.123114805,2896,4.205218232,0.178859576,196.3157895,-15.18678134,50,0.690943052
232.6,0.166666667,0.166666667,0.333333333,-3.666666667,2465.666667,408.3333333,5,1887.996171,0.282141698,-0.032216508,0.081037826,2465.666667,0.111111111,2896,4.217345104,0.18095238,200,-15.20249697,50,0.17980321
200.8,0.23255814,0.069767442,0.23255814,-2.617631152,2411.604651,361.3953488,4.76744186,1831.321826,0.008431404,-0.007952387,0.105266248,2411.604651,0.216333153,2896,3.918645344,0.178869159,208.1395349,-14.6168159,50,0.553872169
249.7,0.2,0.2,0.2,-2.72,2379.6,364,4.8,2032.078171,0.380816823,-0.022702362,0.090528973,2379.6,0.16,2896,4.063827369,0.166322854,186,-15.5093523,50,0.430929933
133,0.303030303,0.090909091,0,1.432506887,2264.818182,280,4.393939394,2010.376132,0.371420809,0.013815748,0.12698872,2264.818182,0.367309458,2750,2.787251212,0.078178149,189.3939394,-15.37175269,50,0.871022888
170.9,0.25,0.25,0,-0.25,2250.5,297.5,4.5,2514.612312,0.253741015,-0.008431144,0.104765694,2250.5,0.25,2750,3.20392046,0.076822128,165,-15.53960699,50,0.013159939
84.7,0.058823529,0,0.235294118,-6.14532872,3086.176471,653.5294118,12,2324.02322,0.866009055,-0.046601131,0,3086.176471,0.027681661,3695,4.249699125,0.192797068,313.5294118,-14.95074939,80,0.479571389
96.1,0.111111111,0,0.222222222,-5.827160494,3022.555556,627.7777778,11.55555556,2154.452821,0.872401269,-0.044012179,0,3022.555556,0.049382716,3695,4.259389793,0.193931261,310,-15.48635315,80,0.299430383
107.3,0.157894737,0,0.210526316,-5.540166205,2965.631579,604.7368421,11.15789474,2037.341533,0.186176213,-0.041695749,0,2965.631579,0.066481994,3695,4.207681079,0.194498234,306.8421053,-14.65312188,80,0.420903915
123.8,0.2,0,0.2,-5.28,2914.4,584,10.8,1949.907247,0.351095055,-0.039610961,0,2914.4,0.08,3695,4.127709474,0.194629561,304,-14.79890241,80,0.730935324
72.9,0,0,0.25,-6.5,3157.75,682.5,12.5,2597.085049,0.339990341,0,0,3157.75,0,3695,4.028914156,0.190916694,317.5,-14.69795035,80,0.30151642
149.4,0.2,0.2,0.2,-2.56,2612,460,7.8,1285.051775,0.781273428,-0.047961878,0.065378288,2612,0.08,3290,3.92378867,0.143117733,154,-14.64741756,50,0.162813444
138.1,0.166666667,0.166666667,0.166666667,-4.222222222,2792.5,550,9.833333333,1935.132874,0.891817042,-0.051894027,0.061452167,2792.5,0.055555556,3695,4.281406695,0.185775708,261.6666667,-14.80758795,50,0.799259809
60.1,0.166666667,0.166666667,0.166666667,-4.222222222,2792.5,550,9.833333333,1935.132874,0.693952667,-0.051894027,0.061452167,2792.5,0.055555556,3695,4.281406695,0.185775708,261.6666667,-14.76164908,50,0.009135556
68.6,0.166666667,0.166666667,0.166666667,-4.222222222,2792.5,550,9.833333333,1935.132874,0.964018342,-0.051894027,0.061452167,2792.5,0.055555556,3695,4.281406695,0.185775708,261.6666667,-15.53048273,50,0.951411072
72.1,0.166666667,0.166666667,0.166666667,-4.222222222,2792.5,550,9.833333333,1935.132874,0.401594298,-0.051894027,0.061452167,2792.5,0.055555556,3695,4.281406695,0.185775708,261.6666667,-15.20305156,50,0.644426551
88.7,0.166666667,0.166666667,0.166666667,-4.222222222,2792.5,550,9.833333333,1935.132874,0.837197927,-0.051894027,0.061452167,2792.5,0.055555556,3695,4.281406695,0.185775708,261.6666667,-14.97224997,50,0.660291874
